$Id_1=String,Me_1=Number
A,0.895629528
B,0.945573725
C,1.244090272
D,1.394782422
E,1.284788672
F,1.106903113
G,1.129681176
