$TIME_PERIOD=Number,Num_1=Number,Num_2=Number
1999,-17.142857142857100,0.000285571428571
2000,-0.428571428571429,0.142857141428571
2001,-14.142857142857100,-11.505842857142900
2002,,-1371.857142857140000
2003,-3.428571428571430,
2004,-5.000000000000000,-3.428571428571430
