$TIME_PERIOD=Number,Num_1=Number,Num_2=Number,Exp_3=Number
1999,12,0.001,1.00100050017
2000,3,0.9999,2.71801001387
2001,-9,10.03,22697.27154523060
2002,,99,9889030319346950000000000000000000000000000.00000000000
2003,6,,
2004,7,-4,0.01831563889
