$TIME_PERIOD=Number,Num_1=Number,Num_2=Number,Ln_3=Number
1999,12,0.001,-6.907755279
2000,3,0.9999,-0.000100005
2001,-9,10.03,2.305580602
2002,,99,4.59511985
2003,6,,
2004,7,-4,
