$TIME_PERIOD=Number,Num_1=Number,Num_2=Number,Pow_1=Number,Pow_2=Number
1999,12,0.001,144,1E-36
2000,3,0.9999,9,0.99970003
2001,-9,10.03,81,9.73401E-10
2002,,99,,
2003,6,,36,
2004,7,-4,49,-16384
