$TIME_PERIOD=Number,Num_1=Number,Num_2=Number,Sqrt_3=Number
1999,12,0.001,3.464101615
2000,3,0.9999,1.732050808
2001,-9,10.03,
2002,,99,
2003,6,,2.449489743
2004,7,-4,2.645751311
