$Id_2=String,Me_1=Number
A,1.5275252316519500
B,2.1213203435596400
