$Id_2=String,Me_1=Number,Me_2=Number
XX,14.79372051,9.479143773
YY,2.487468593,1.870828693
