$Id_2=String,Me_1=Number,Me_2=Number
XX,238.75000000000,98.02272727273
YY,8.25000000000,4.66666666667
